{
  "random": {
    "accuracy": 0.36666666666666664,
    "description": "Random guessing (baseline)"
  },
  "majority": {
    "accuracy": 0.3333333333333333,
    "description": "Always predict positive"
  },
  "tfidf_logreg": {
    "accuracy": 0.7666666666666667,
    "description": "TF-IDF + Logistic Regression",
    "report": {
      "positive": {
        "precision": 0.7,
        "recall": 0.7,
        "f1-score": 0.7,
        "support": 10.0
      },
      "negative": {
        "precision": 0.6666666666666666,
        "recall": 0.6,
        "f1-score": 0.631578947368421,
        "support": 10.0
      },
      "neutral": {
        "precision": 0.9090909090909091,
        "recall": 1.0,
        "f1-score": 0.9523809523809523,
        "support": 10.0
      }
    }
  },
  "tfidf_svm": {
    "accuracy": 0.7666666666666667,
    "description": "TF-IDF + SVM",
    "report": {
      "positive": {
        "precision": 0.7,
        "recall": 0.7,
        "f1-score": 0.7,
        "support": 10.0
      },
      "negative": {
        "precision": 0.6666666666666666,
        "recall": 0.6,
        "f1-score": 0.631578947368421,
        "support": 10.0
      },
      "neutral": {
        "precision": 0.9090909090909091,
        "recall": 1.0,
        "f1-score": 0.9523809523809523,
        "support": 10.0
      }
    }
  },
  "mbert": {
    "accuracy": 0.6666666666666666,
    "description": "mBERT embeddings + Logistic Regression",
    "report": {
      "positive": {
        "precision": 0.75,
        "recall": 0.6,
        "f1-score": 0.6666666666666666,
        "support": 10.0
      },
      "negative": {
        "precision": 0.5454545454545454,
        "recall": 0.6,
        "f1-score": 0.5714285714285714,
        "support": 10.0
      },
      "neutral": {
        "precision": 0.7272727272727273,
        "recall": 0.8,
        "f1-score": 0.7619047619047619,
        "support": 10.0
      }
    }
  },
  "phonetic_prosody": {
    "accuracy": 0.3667,
    "description": "Our model: Phonetic + Prosody + Contrastive Learning"
  }
}