{
  "knn_results": {
    "1": 0.3333333333333333,
    "3": 0.43333333333333335,
    "5": 0.43333333333333335,
    "7": 0.43333333333333335,
    "9": 0.4666666666666667
  },
  "best_k": 9,
  "best_accuracy": 0.4666666666666667
}